table,column,bins,table_column,freq
nation,n_nationkey,'0 0 0 1 1 2 2 3 3 4 4 5 5 6 6 7 7 8 8 9 9 10 10 11 11 12 12 12 13 13 14 14 15 15 16 16 17 17 18 18 19 19 20 20 21 21 22 22 23 23 24',n.n_nationkey,000000000000f03f0000000000000000000000000000f03f0000000000000000000000000000f03f0000000000000000000000000000f03f0000000000000000000000000000f03f0000000000000000000000000000f03f0000000000000000000000000000f03f0000000000000000000000000000f03f0000000000000000000000000000f03f0000000000000000000000000000f03f0000000000000000000000000000f03f0000000000000000000000000000f03f00000000000000000000000000000000000000000000f03f0000000000000000000000000000f03f0000000000000000000000000000f03f0000000000000000000000000000f03f0000000000000000000000000000f03f0000000000000000000000000000f03f0000000000000000000000000000f03f0000000000000000000000000000f03f0000000000000000000000000000f03f0000000000000000000000000000f03f0000000000000000000000000000f03f0000000000000000000000000000f03f0000000000000000000000000000f03f
nation,n_name,'24309792 73180151 122050510 127186136 128345877 149119110 173815041 183963331 189262408 199150152 211332230 221560597 230393457 245731585 267574979 298053766 340622101 370578525 375311125 384875797 408936684 429139959 430055169 432334818 449623297 466911776 476770684 486629592 505141730 524440526 530123808 533083987 533978492 534184439 584084532 658831699 713959476 755073404 775675464 775765658 797591788 849848229 894817230 925211352 953036729 973155872 990343220 992871599 995302636 996662918 998023200',n.n_name,000000000000f03f0000000000000000000000000000f03f0000000000000000000000000000f03f0000000000000000000000000000f03f0000000000000000000000000000f03f0000000000000000000000000000f03f0000000000000000000000000000f03f0000000000000000000000000000f03f0000000000000000000000000000f03f0000000000000000000000000000f03f0000000000000000000000000000f03f0000000000000000000000000000f03f00000000000000000000000000000000000000000000f03f0000000000000000000000000000f03f0000000000000000000000000000f03f0000000000000000000000000000f03f0000000000000000000000000000f03f0000000000000000000000000000f03f0000000000000000000000000000f03f0000000000000000000000000000f03f0000000000000000000000000000f03f0000000000000000000000000000f03f0000000000000000000000000000f03f0000000000000000000000000000f03f0000000000000000000000000000f03f
nation,n_regionkey,'0 0 0 0 0 0 0 0 0 0 0 1 1 1 1 1 1 1 1 1 1 2 2 2 2 2 2 2 2 2 2 2 3 3 3 3 3 3 3 3 3 3 4 4 4 4 4 4 4 4 4',n.n_regionkey,00000000000000000000000000000000000000000000000000000000000000000000000000000000000000000000000000000000000000000000000000000000000000000000144000000000000000000000000000000000000000000000000000000000000000000000000000000000000000000000000000000000000000000000000000000000000000000000000000000000000014400000000000000000000000000000000000000000000000000000000000000000000000000000000000000000000000000000000000000000000000000000000000000000000000000000000000000000000000000000144000000000000000000000000000000000000000000000000000000000000000000000000000000000000000000000000000000000000000000000000000000000000000000000000000000000000014400000000000000000000000000000000000000000000000000000000000000000000000000000000000000000000000000000000000000000000000000000000000000000000000000000000000001440
nation,n_comment,'9944096 15206094 20468093 65980060 115151115 128665453 135048447 139474798 143248934 165659521 197388333 216573400 226798648 237134657 247581425 259287148 272755406 289578741 313112230 333624223 345071727 356174486 365553524 376616021 406196580 435777140 444181880 452586621 462740184 473052730 487213426 502143753 541191219 588277731 634459024 680187707 713113481 736894318 779374484 840553978 878444694 883731121 888083208 890566616 903224640 946406511 982480206 983013020 983713667 986260475 988807284',n.n_comment,000000000000f03f0000000000000000000000000000f03f0000000000000000000000000000f03f0000000000000000000000000000f03f0000000000000000000000000000f03f0000000000000000000000000000f03f0000000000000000000000000000f03f0000000000000000000000000000f03f0000000000000000000000000000f03f0000000000000000000000000000f03f0000000000000000000000000000f03f0000000000000000000000000000f03f00000000000000000000000000000000000000000000f03f0000000000000000000000000000f03f0000000000000000000000000000f03f0000000000000000000000000000f03f0000000000000000000000000000f03f0000000000000000000000000000f03f0000000000000000000000000000f03f0000000000000000000000000000f03f0000000000000000000000000000f03f0000000000000000000000000000f03f0000000000000000000000000000f03f0000000000000000000000000000f03f0000000000000000000000000000f03f
region,r_regionkey,'0 0 0 0 0 0 0 0 0 0 0 0 0 1 1 1 1 1 1 1 1 1 1 1 1 2 2 2 2 2 2 2 2 2 2 2 2 2 3 3 3 3 3 3 3 3 3 3 3 3 4',r.r_regionkey,000000000000f03f00000000000000000000000000000000000000000000000000000000000000000000000000000000000000000000000000000000000000000000000000000000000000000000000000000000000000000000000000000000000000000000f03f000000000000000000000000000000000000000000000000000000000000000000000000000000000000000000000000000000000000000000000000000000000000000000000000000000000000000000000000000000000000000000000000000000000000f03f00000000000000000000000000000000000000000000000000000000000000000000000000000000000000000000000000000000000000000000000000000000000000000000000000000000000000000000000000000000000000000000f03f00000000000000000000000000000000000000000000000000000000000000000000000000000000000000000000000000000000000000000000000000000000000000000000000000000000000000000000000000000000000000000000f03f
region,r_name,'19797024 28814736 37832449 46850161 55867874 64885587 73903299 82921012 91938725 100956437 109974150 118991863 128009575 137150967 146416037 155681107 164946177 174211247 183476317 192741387 202006457 211271527 220536597 229801667 239066737 248331808 252219567 256107326 259995086 263882845 267770604 271658364 275546123 279433882 283321642 287209401 291097160 294984920 314734337 350345411 385956486 421567560 457178635 492789710 528400784 564011859 599622933 635234008 670845082 706456157 742067232',r.r_name,000000000000f03f00000000000000000000000000000000000000000000000000000000000000000000000000000000000000000000000000000000000000000000000000000000000000000000000000000000000000000000000000000000000000000000f03f000000000000000000000000000000000000000000000000000000000000000000000000000000000000000000000000000000000000000000000000000000000000000000000000000000000000000000000000000000000000000000000000000000000000f03f00000000000000000000000000000000000000000000000000000000000000000000000000000000000000000000000000000000000000000000000000000000000000000000000000000000000000000000000000000000000000000000f03f00000000000000000000000000000000000000000000000000000000000000000000000000000000000000000000000000000000000000000000000000000000000000000000000000000000000000000000000000000000000000000000f03f
region,r_comment,'20848243 52784891 84721540 116658189 148594837 180531486 212468135 244404784 276341432 308278081 340214730 372151378 404088027 427003560 440897976 454792392 468686809 482581225 496475641 510370058 524264474 538158890 552053307 565947723 579842139 593736556 598844021 603951487 609058953 614166418 619273884 624381350 629488815 634596281 639703747 644811212 649918678 655026144 666687865 684903841 703119818 721335795 739551771 757767748 775983725 794199701 812415678 830631655 848847631 867063608 885279585',r.r_comment,000000000000f03f00000000000000000000000000000000000000000000000000000000000000000000000000000000000000000000000000000000000000000000000000000000000000000000000000000000000000000000000000000000000000000000f03f000000000000000000000000000000000000000000000000000000000000000000000000000000000000000000000000000000000000000000000000000000000000000000000000000000000000000000000000000000000000000000000000000000000000f03f00000000000000000000000000000000000000000000000000000000000000000000000000000000000000000000000000000000000000000000000000000000000000000000000000000000000000000000000000000000000000000000f03f00000000000000000000000000000000000000000000000000000000000000000000000000000000000000000000000000000000000000000000000000000000000000000000000000000000000000000000000000000000000000000000f03f
supplier,s_suppkey,'1 2000 4000 6000 8000 10000 12000 14000 16000 18000 20000 22000 24000 26000 28000 30000 32000 34000 36000 38000 40000 42000 44000 46000 48000 50000 52000 54000 56000 58000 60000 62000 64000 66000 68000 70000 72000 74000 76000 78000 80000 82000 84000 86000 88000 90000 92000 94000 96000 98000 100000',s.s_suppkey,0000000000409f400000000000409f400000000000409f400000000000409f400000000000409f400000000000409f400000000000409f400000000000409f400000000000409f400000000000409f400000000000409f400000000000409f400000000000409f400000000000409f400000000000409f400000000000409f400000000000409f400000000000409f400000000000409f400000000000409f400000000000409f400000000000409f400000000000409f400000000000409f400000000000409f400000000000409f400000000000409f400000000000409f400000000000409f400000000000409f400000000000409f400000000000409f400000000000409f400000000000409f400000000000409f400000000000409f400000000000409f400000000000409f400000000000409f400000000000409f400000000000409f400000000000409f400000000000409f400000000000409f400000000000409f400000000000409f400000000000409f400000000000409f400000000000409f400000000000409f40
supplier,s_name,'12832 20010497 40116071 60116819 80004476 99894099 120138988 140002878 160063827 180013190 200046521 220022897 240066858 259975886 280092437 300104377 319964581 340117925 360053914 379978702 400011910 420145777 439986883 460065895 479920180 499963936 520163564 539996243 560025386 579982685 600166124 619994225 640030629 659919627 680046275 700200377 720028949 739859877 760049388 780173395 799956716 820106978 839885937 860071793 880068496 899987897 919997021 940126475 960036711 980012903 999991840',s.s_name,0000000000409f400000000000409f400000000000409f400000000000409f400000000000409f400000000000409f400000000000409f400000000000409f400000000000409f400000000000409f400000000000409f400000000000409f400000000000409f400000000000409f400000000000409f400000000000409f400000000000409f400000000000409f400000000000409f400000000000409f400000000000409f400000000000409f400000000000409f400000000000409f400000000000409f400000000000409f400000000000409f400000000000409f400000000000409f400000000000409f400000000000409f400000000000409f400000000000409f400000000000409f400000000000409f400000000000409f400000000000409f400000000000409f400000000000409f400000000000409f400000000000409f400000000000409f400000000000409f400000000000409f400000000000409f400000000000409f400000000000409f400000000000409f400000000000409f400000000000409f40
supplier,s_address,'1351 20281428 40385558 59834455 79901743 99873986 119409057 139672146 159694798 179881556 200568191 219906777 239822841 259777968 279965835 299712434 320043466 341126289 360756298 380710545 400099272 421296172 440684036 460852007 481079018 500673123 519921030 540090506 559217941 579523772 599465932 620044991 640035241 660181480 679715185 700097607 720094102 739432750 758401663 778060422 798128512 818016976 838040059 858531031 879112719 899740412 919892918 939400023 960021262 979775181 999989560',s.s_address,0000000000409f400000000000409f400000000000409f400000000000409f400000000000409f400000000000409f400000000000409f400000000000409f400000000000409f400000000000409f400000000000409f400000000000409f400000000000409f400000000000409f400000000000409f400000000000409f400000000000409f400000000000409f400000000000409f400000000000409f400000000000409f400000000000409f400000000000409f400000000000409f400000000000409f400000000000409f400000000000409f400000000000409f400000000000409f400000000000409f400000000000409f400000000000409f400000000000409f400000000000409f400000000000409f400000000000409f400000000000409f400000000000409f400000000000409f400000000000409f400000000000409f400000000000409f400000000000409f400000000000409f400000000000409f400000000000409f400000000000409f400000000000409f400000000000409f400000000000409f40
supplier,s_nationkey,'0 0 1 1 2 2 3 3 4 4 5 5 6 6 7 7 8 8 8 9 10 10 10 11 11 12 12 13 13 14 14 15 15 16 17 17 18 18 19 19 19 20 20 21 21 22 22 23 24 24 24',s.s_nationkey,00000000000000000000000000bcae40000000000000000000000000004eaf400000000000000000000000000036af4000000000000000000000000000acaf40000000000000000000000000001aaf4000000000000000000000000000d2ae4000000000000000000000000000f2ae4000000000000000000000000000a2af40000000000000000000000000000000000000000000deaf4000000000000caf400000000000000000000000000000000000000000006eaf4000000000000000000000000000feaf400000000000000000000000000052af4000000000000000000000000000baae400000000000000000000000000098af40000000000000000000000000002caf400000000000a8ae40000000000000000000000000002eaf400000000000000000000000000028af400000000000000000000000000000000000000000007aaf400000000000000000000000000054af400000000000000000000000000026af40000000000000000000000000006aaf4000000000000aaf400000000000000000000000000048af40
supplier,s_phone,'12601 19623471 39855130 59131149 79362698 98791808 118355213 137840933 158359172 178937980 200011930 219874163 239969005 259929008 279449798 298785615 319213504 339629073 359022990 379151511 398372663 418136415 438677598 458910585 478781483 498882868 518477351 538522865 558834716 579124148 598773867 618870028 638366616 659083273 679541544 699435063 718727322 737847844 757899625 778196217 798042832 817542075 838052250 857698502 878385922 898697010 918887556 939198867 958900535 979072895 999999289',s.s_phone,0000000000409f400000000000409f400000000000409f400000000000409f400000000000409f400000000000409f400000000000409f400000000000409f400000000000409f400000000000409f400000000000409f400000000000409f400000000000409f400000000000409f400000000000409f400000000000409f400000000000409f400000000000409f400000000000409f400000000000409f400000000000409f400000000000409f400000000000409f400000000000409f400000000000409f400000000000409f400000000000409f400000000000409f400000000000409f400000000000409f400000000000409f400000000000409f400000000000409f400000000000409f400000000000409f400000000000409f400000000000409f400000000000409f400000000000409f400000000000409f400000000000409f400000000000409f400000000000409f400000000000409f400000000000409f400000000000409f400000000000409f400000000000409f400000000000409f400000000000409f40
supplier,s_acctbal,'-999 -780 -553 -334 -110 106 325 544 769 1000 1221 1437 1661 1876 2094 2305 2535 2761 2984 3204 3437 3645 3859 4084 4306 4521 4742 4961 5185 5401 5627 5852 6075 6293 6513 6733 6961 7175 7383 7599 7814 8035 8258 8476 8688 8911 9124 9340 9558 9780 9999',s.s_acctbal,0000000000409f400000000000409f400000000000409f400000000000409f400000000000409f400000000000409f400000000000409f400000000000409f400000000000409f400000000000409f400000000000409f400000000000409f400000000000409f400000000000409f400000000000409f400000000000409f400000000000409f400000000000409f400000000000409f400000000000409f400000000000409f400000000000409f400000000000409f400000000000409f400000000000409f400000000000409f400000000000409f400000000000409f400000000000409f400000000000409f400000000000409f400000000000409f400000000000409f400000000000409f400000000000409f400000000000409f400000000000409f400000000000409f4000000000003c9f400000000000449f400000000000409f400000000000409f400000000000409f400000000000409f400000000000409f400000000000409f400000000000409f400000000000409f400000000000409f400000000000409f40
supplier,s_comment,'12656 19741453 39409816 59980186 79834946 99193089 118390240 138892909 158529136 178531515 198474139 218375709 237722739 257572480 277340541 297639944 318088925 338255154 358101782 378616714 398446235 418336509 437480887 457057789 476783106 496105538 516797147 537027764 557850023 577937723 598529158 618408562 638647141 658612502 678329543 698130741 718605875 738655771 759112413 778889032 798806464 818978068 838851167 859381453 880235199 900264609 920372844 940013371 959461567 979250645 999993185',s.s_comment,0000000000409f400000000000409f400000000000409f400000000000409f400000000000409f400000000000409f400000000000409f400000000000409f400000000000409f400000000000409f400000000000409f400000000000409f400000000000409f400000000000409f400000000000409f400000000000409f400000000000409f400000000000409f400000000000409f400000000000409f400000000000409f400000000000409f400000000000409f400000000000409f400000000000409f400000000000409f400000000000409f400000000000409f400000000000409f400000000000409f400000000000409f400000000000409f400000000000409f400000000000409f400000000000409f400000000000409f400000000000409f400000000000409f400000000000409f400000000000409f400000000000409f400000000000409f400000000000409f400000000000409f400000000000409f400000000000409f400000000000409f400000000000409f400000000000409f400000000000409f40
part,p_partkey,'1 40000 80000 120000 160000 200000 240000 280000 320000 360000 400000 440000 480000 520000 560000 600000 640000 680000 720000 760000 800000 840000 880000 920000 960000 1000000 1040000 1080000 1120000 1160000 1200000 1240000 1280000 1320000 1360000 1400000 1440000 1480000 1520000 1560000 1600000 1640000 1680000 1720000 1760000 1800000 1840000 1880000 1920000 1960000 2000000',p.p_partkey,000000000088e340000000000088e340000000000088e340000000000088e340000000000088e340000000000088e340000000000088e340000000000088e340000000000088e340000000000088e340000000000088e340000000000088e340000000000088e340000000000088e340000000000088e340000000000088e340000000000088e340000000000088e340000000000088e340000000000088e340000000000088e340000000000088e340000000000088e340000000000088e340000000000088e340000000000088e340000000000088e340000000000088e340000000000088e340000000000088e340000000000088e340000000000088e340000000000088e340000000000088e340000000000088e340000000000088e340000000000088e340000000000088e340000000000088e340000000000088e340000000000088e340000000000088e340000000000088e340000000000088e340000000000088e340000000000088e340000000000088e340000000000088e340000000000088e340000000000088e340
part,p_name,'372 20071753 40040776 59877145 79937380 99876692 119721797 139747910 159840450 179774262 199726856 219702828 239666419 259737956 279678169 299633182 319573273 339612010 359755767 379630602 399798222 419893391 439906564 459872500 479796857 499809894 519766104 539898854 559985114 580089522 600171412 620185448 640261221 660349301 680371894 700276920 720179409 740124021 760159004 780351845 800357580 820208173 840277870 860091529 880026768 899896963 919949158 940022147 959901627 979914109 999999845',p.p_name,000000000088e340000000000088e340000000000088e340000000000088e340000000000088e340000000000088e340000000000088e340000000000088e340000000000088e340000000000088e340000000000088e340000000000088e340000000000088e340000000000088e340000000000088e340000000000088e340000000000088e340000000000088e340000000000088e340000000000088e340000000000088e340000000000088e340000000000088e340000000000088e340000000000088e340000000000088e340000000000088e340000000000088e340000000000088e340000000000088e340000000000088e34000000000e087e340000000002088e340000000000088e340000000000088e340000000000088e340000000000088e340000000000088e340000000000088e340000000000088e340000000000088e340000000000088e340000000000088e340000000000088e340000000000088e340000000000088e340000000000088e340000000000088e340000000000088e340000000000088e340
part,p_mfgr,'173578784 173578784 173578784 173578784 173578784 173578784 173578784 173578784 173578784 173578784 173578784 448797728 448797728 448797728 448797728 448797728 448797728 448797728 448797728 448797728 448797728 623140896 623140896 623140896 623140896 623140896 623140896 623140896 623140896 623140896 623140896 724016672 724016672 724016672 724016672 724016672 724016672 724016672 724016672 724016672 898359840 898359840 898359840 898359840 898359840 898359840 898359840 898359840 898359840 898359840 898359840',p.p_mfgr,0000000000000000000000000000000000000000000000000000000000000000000000000000000000000000000000000000000000000000000000000000000000000000000000000000000000000000000000001079184100000000000000000000000000000000000000000000000000000000000000000000000000000000000000000000000000000000000000000000000000000000000000000000000000000000cc5b184100000000000000000000000000000000000000000000000000000000000000000000000000000000000000000000000000000000000000000000000000000000000000000000000000000000746e184100000000000000000000000000000000000000000000000000000000000000000000000000000000000000000000000000000000000000000000000000000000000000004862184100000000000000000000000000000000000000000000000000000000000000000000000000000000000000000000000000000000000000000000000000000000000000000000000000000000686c1841
part,p_brand,'902106144 902106144 902171680 902171680 902237216 902237216 902302752 902302752 902368288 902368288 918883360 918883360 918948896 918948896 919014432 919014432 919079968 919079968 919145504 919145504 935660576 935660576 935726112 935726112 935791648 935791648 935857184 935857184 935922720 935922720 952437792 952437792 952503328 952503328 952568864 952568864 952634400 952634400 952699936 952699936 969215008 969215008 969280544 969280544 969280544 969346080 969346080 969411616 969411616 969477152 969477152',p.p_brand,000000000000000000000000e052f340000000000000000000000000c086f340000000000000000000000000d088f34000000000000000000000000040a1f3400000000000000000000000007085f340000000000000000000000000e08df3400000000000000000000000005073f340000000000000000000000000207df340000000000000000000000000507af3400000000000000000000000009076f340000000000000000000000000f088f340000000000000000000000000407cf340000000000000000000000000c0a7f340000000000000000000000000b08af340000000000000000000000000a0acf340000000000000000000000000e082f3400000000000000000000000004072f340000000000000000000000000a092f340000000000000000000000000009af340000000000000000000000000e08ff340000000000000000000000000b08ff34000000000000000000000000000000000000000004098f340000000000000000000000000a08ef3400000000000000000000000006080f34000000000e082f340
part,p_type,'1095500 24125262 73098060 81780558 91344206 121655628 145001299 157463890 197113170 221345100 225027404 237560146 273082188 282144588 294014284 358949715 393373011 409281875 428723022 441630028 457538892 466792780 482247500 487973198 502037326 536202060 570198862 585357138 608871244 622755660 638186828 652257107 654816588 668228434 693131598 718465356 738810707 767022924 773183308 797104460 814291788 836783436 855213394 877230412 898288462 913159507 917964115 952838483 962202958 973151570 998516562',p.p_type,00000000c081e34000000000807ae34000000000c085e340000000006077e340000000008074e34000000000609fe34000000000c070e340000000008066e340000000004099e34000000000c082e34000000000207ce340000000002089e34000000000a06de34000000000c084e34000000000406de34000000000a0a8e340000000004098e34000000000e08ee340000000004076e340000000002092e34000000000a06ae34000000000805de340000000000075e34000000000808ce340000000008082e34000000000c0a0e3400000000000cde340000000008071e340000000006077e3400000000040a4e3400000000040a4e3400000000000cfe34000000000c018da40000000006099e340000000006079e340000000006095e34000000000609ee340000000006081e34000000000e081e3400000000040a9e340000000004071e340000000000093e34000000000c080e34000000000a05ee340000000000095e34000000000a0fce940000000004054da400000000040d9e940000000004085e34000000000009be340
part,p_size,'1 2 3 4 5 6 7 8 9 10 11 12 13 14 15 16 17 18 19 20 21 22 23 24 25 26 27 28 29 30 31 32 33 34 35 36 37 38 38 40 41 42 42 43 44 46 47 48 48 49 50',p.p_size,00000000a07fe340000000006066e34000000000808be340000000002092e34000000000207ce34000000000c07ae34000000000007fe34000000000007de34000000000407fe340000000006090e34000000000406fe34000000000807de34000000000c08de34000000000207de34000000000e052e34000000000e0a4e34000000000409ae34000000000e066e34000000000a073e34000000000a087e340000000006076e34000000000c07fe34000000000209ee3400000000060cee340000000000084e340000000006084e34000000000208ce3400000000080aee340000000006092e340000000000074e340000000002062e340000000004084e340000000006084e340000000008085e34000000000e0c8e3400000000040a6e340000000000080e340000000000000000000000000a09cf340000000006064e34000000000a0a7e34000000000000000000000000060bce34000000000206de34000000000a06ff34000000000a086e34000000000a098e34000000000000000000000000020b8e34000000000b076f340
part,p_container,'5695520 5695520 22706720 43962912 90098208 90098208 137878560 149529120 149866272 151417376 151417376 214562336 237020192 323331104 364072992 364072992 392495136 410177312 411099168 426956320 426956320 426957637 444849485 544397856 602268192 602268192 607951904 618689568 643749920 645057355 645057355 645713696 660593696 706449952 720413728 720413728 730179360 739343392 779501088 817768480 817768480 828462624 854103072 869944352 883481632 883481632 885523488 886788128 965537824 983394080 983394080',p.p_container,000000000000000000000000207fe840000000004081e84000000000007fe8400000000000000000000000008097e840000000004076e84000000000806ee84000000000808ce8400000000000000000000000002091e84000000000603de840000000004068e84000000000e05ae840000000000000000000000000a063e840000000002069e84000000000206de84000000000e077e8400000000000000000000000000077e84000000000c049e84000000000e048e8400000000000a4e840000000000000000000000000e064e84000000000208be84000000000e08ae84000000000803ce840000000000000000000000000808ee840000000008065e84000000000204ae84000000000c05fe84000000000000000000000000080abe840000000002064e84000000000404be840000000006057e840000000000000000000000000a05ae84000000000003ee84000000000406de84000000000804ae8400000000000000000000000004058e84000000000a089e840000000004045e84000000000802de84000000000606ae840
part,p_retailprice,'900 988 1025 1054 1078 1099 1119 1139 1159 1179 1199 1219 1239 1259 1279 1299 1319 1339 1359 1379 1399 1419 1439 1459 1479 1499 1519 1539 1559 1579 1599 1619 1639 1659 1679 1699 1719 1739 1759 1779 1799 1819 1839 1859 1879 1899 1920 1944 1973 2010 2098',p.p_retailprice,000000000083e34000000000e082e34000000000c08be340000000000083e340000000004093e340000000006084e34000000000c08be34000000000c086e34000000000c081e340000000004089e340000000000088e340000000000088e340000000000088e340000000000088e340000000000088e340000000000088e340000000000088e340000000000088e340000000000088e340000000000088e340000000000088e340000000000088e340000000000088e340000000000088e340000000000088e340000000000088e340000000000088e340000000000088e340000000000088e340000000000088e340000000000088e340000000000088e340000000000088e340000000000088e340000000000088e340000000000088e340000000000088e340000000000088e340000000000088e340000000000088e340000000000088e340000000000088e340000000000088e340000000000088e340000000000088e34000000000c086e34000000000808fe340000000008087e34000000000c085e34000000000c08ae340
part,p_comment,'1129 18699385 37958004 57096559 76535050 96365600 115231022 136277621 155739237 175816809 196564265 215795415 236284517 257971809 279020901 300129644 320372088 336393656 357263993 376541555 396170344 417308820 436174197 456328053 474637928 495638649 517074291 536795248 557695080 579940705 599772526 621175909 641356329 661849691 679804192 700449851 720568719 738039907 757226085 776515886 797920824 818110311 838769253 858212466 879357294 898008940 919117676 941529964 961722656 979971699 999999852',p.p_comment,000000002086e34000000000a089e34000000000a04be34000000000a0c4e34000000000c086e340000000002089e34000000000c087e340000000004087e340000000000089e340000000002088e340000000000088e340000000006086e340000000008089e34000000000e087e340000000002088e340000000002088e340000000000088e340000000000082e34000000000e08de340000000006087e34000000000c088e340000000008087e340000000002088e340000000002087e340000000002088e340000000000089e340000000006086e340000000008089e340000000002088e340000000006079e340000000008096e340000000004088e340000000000088e34000000000c085e34000000000408ae340000000000088e34000000000e087e34000000000807ee340000000004091e340000000006088e34000000000e087e340000000002082e34000000000a08de340000000000085e340000000002053e3400000000000c0e340000000004088e34000000000c087e340000000000064e3400000000040ace340
partsupp,ps_partkey,'1 40000 80000 120000 160000 200000 240000 280000 320000 360000 400000 440000 480000 520000 560000 600000 640000 680000 720000 760000 800000 840000 880000 920000 960000 1000000 1040000 1080000 1120000 1160000 1200000 1240000 1280000 1320000 1360000 1400000 1440000 1480000 1520000 1560000 1600000 1640000 1680000 1720000 1760000 1800000 1840000 1880000 1920000 1960000 2000000',ps.ps_partkey,00000000008803410000000000880341000000000088034100000000008803410000000000880341000000000088034100000000008803410000000000880341000000000088034100000000008803410000000000880341000000000088034100000000008803410000000000880341000000000088034100000000008803410000000000880341000000000088034100000000008803410000000000880341000000000088034100000000008803410000000000880341000000000088034100000000008803410000000000880341000000000088034100000000008803410000000000880341000000000088034100000000008803410000000000880341000000000088034100000000008803410000000000880341000000000088034100000000008803410000000000880341000000000088034100000000008803410000000000880341000000000088034100000000008803410000000000880341000000000088034100000000008803410000000000880341000000000088034100000000008803410000000000880341
partsupp,ps_suppkey,'1 2000 4000 6000 8000 10000 12000 14000 16000 18000 20000 22000 24000 26000 28000 30000 32000 34000 36000 38000 40000 42000 44000 46000 48000 50000 52000 54000 56000 58000 60000 62000 64000 66000 68000 70000 72000 74000 76000 78000 80000 82000 84000 86000 88000 90000 92000 94000 96000 98000 100000',ps.ps_suppkey,00000000008803410000000000880341000000000088034100000000008803410000000000880341000000000088034100000000008803410000000000880341000000000088034100000000008803410000000000880341000000000088034100000000008803410000000000880341000000000088034100000000008803410000000000880341000000000088034100000000008803410000000000880341000000000088034100000000008803410000000000880341000000000088034100000000008803410000000000880341000000000088034100000000008803410000000000880341000000000088034100000000008803410000000000880341000000000088034100000000008803410000000000880341000000000088034100000000008803410000000000880341000000000088034100000000008803410000000000880341000000000088034100000000008803410000000000880341000000000088034100000000008803410000000000880341000000000088034100000000008803410000000000880341
partsupp,ps_availqty,'1 200 401 602 802 1002 1202 1402 1602 1800 2000 2200 2400 2600 2800 3000 3200 3400 3600 3800 4000 4200 4400 4600 4799 4999 5200 5400 5600 5800 6001 6201 6402 6602 6802 7000 7200 7400 7600 7800 8000 8200 8400 8600 8800 9001 9200 9400 9599 9799 9999',ps.ps_availqty,0000000010740341000000004884034100000000d89c0341000000003887034100000000b880034100000000f082034100000000308a034100000000c0940341000000005871034100000000a888034100000000108d034100000000b08b03410000000030930341000000000072034100000000308b0341000000000089034100000000588d0341000000007889034100000000b08f034100000000608603410000000070890341000000005882034100000000708f034100000000507c034100000000c085034100000000f08f034100000000a088034100000000b8850341000000001081034100000000b083034100000000908a034100000000509c034100000000f081034100000000f889034100000000b876034100000000788d034100000000488b034100000000b88d034100000000408903410000000030800341000000003889034100000000e892034100000000e87f034100000000d086034100000000c888034100000000a880034100000000c0940341000000001080034100000000d882034100000000589a0341
partsupp,ps_supplycost,'1 20 40 60 80 100 120 140 160 180 200 220 240 260 280 300 320 340 360 380 400 420 440 460 480 500 520 540 560 580 600 620 640 660 680 700 720 740 760 780 800 820 840 860 880 900 920 939 959 980 1000',ps.ps_supplycost,0000000000860341000000009089034100000000308803410000000030880341000000008085034100000000e088034100000000c088034100000000088703410000000020880341000000002089034100000000a887034100000000f0880341000000004086034100000000d08903410000000078870341000000001088034100000000e887034100000000d8860341000000007089034100000000f0860341000000000889034100000000388803410000000020860341000000000889034100000000b8860341000000001088034100000000288a03410000000068870341000000007886034100000000d087034100000000c089034100000000e0860341000000008889034100000000f887034100000000f08503410000000000880341000000006889034100000000f08703410000000098880341000000003086034100000000b087034100000000308a034100000000f085034100000000288a03410000000030860341000000003088034100000000b0880341000000003088034100000000508803410000000098880341
partsupp,ps_comment,'355 20041500 40022888 59983219 79957857 99960137 119925845 139920236 159971700 179987316 199958902 219923826 239918521 259869985 279849074 299868703 319774574 339715946 359693900 379658001 399633110 419630445 439656195 459724911 479793251 499850820 519825891 539771612 559775851 579800931 599777394 619819119 639842416 659917478 679964073 699903593 719916711 739890799 759832371 779883105 799893095 819888029 839871847 859844235 879928937 899984489 919975461 940048230 960046896 979983219 999999852',ps.ps_comment,00000000008803410000000000880341000000000088034100000000f887034100000000088803410000000000880341000000000088034100000000008803410000000000880341000000000088034100000000f88703410000000008880341000000000088034100000000008803410000000000880341000000000088034100000000008803410000000000880341000000000088034100000000008803410000000000880341000000000088034100000000008803410000000000880341000000000088034100000000008803410000000000880341000000000088034100000000f8870341000000000888034100000000f88703410000000008880341000000000088034100000000008803410000000000880341000000000088034100000000f88703410000000008880341000000000088034100000000008803410000000000880341000000000088034100000000008803410000000000880341000000000088034100000000008803410000000000880341000000000088034100000000f88703410000000008880341
customer,c_custkey,'1 30000 60000 90000 120000 150000 180000 210000 240000 270000 300000 330000 360000 390000 420000 450000 480000 510000 540000 570000 600000 630000 660000 690000 720000 750000 780000 810000 840000 870000 900000 930000 960000 990000 1020000 1050000 1080000 1110000 1140000 1170000 1200000 1230000 1260000 1290000 1320000 1350000 1380000 1410000 1440000 1470000 1500000',c.c_custkey,00000000004cdd4000000000004cdd4000000000004cdd4000000000004cdd4000000000004cdd4000000000004cdd4000000000004cdd4000000000004cdd4000000000004cdd4000000000004cdd4000000000004cdd4000000000004cdd4000000000004cdd4000000000004cdd4000000000004cdd4000000000004cdd4000000000004cdd4000000000004cdd4000000000004cdd4000000000004cdd4000000000004cdd4000000000004cdd4000000000004cdd4000000000004cdd4000000000004cdd4000000000004cdd4000000000004cdd4000000000004cdd4000000000004cdd4000000000004cdd4000000000004cdd4000000000004cdd4000000000004cdd4000000000004cdd4000000000004cdd4000000000004cdd4000000000004cdd4000000000004cdd4000000000004cdd4000000000004cdd4000000000004cdd4000000000004cdd4000000000004cdd4000000000004cdd4000000000004cdd4000000000004cdd4000000000004cdd4000000000004cdd4000000000004cdd4000000000004cdd40
customer,c_name,'733232 18697187 36668495 54764167 72881917 92773501 114383214 134411287 153791578 174278137 196218673 217850044 237338735 255751766 274523135 296155980 315831633 336253844 356064460 377115274 399603000 422004024 443173176 461578040 481151288 499721016 518238520 536242488 553879352 571811640 591529784 610379576 631213880 651012920 671359288 694570296 716971320 738140472 756545336 776708408 796756280 819388216 839440696 858609427 878687410 901230776 922875048 942156585 960164265 979535237 999881017',c.c_name,00000000004cdd4000000000004cdd4000000000004cdd4000000000004cdd4000000000004cdd4000000000004cdd4000000000004cdd4000000000004cdd4000000000004cdd4000000000004cdd4000000000004cdd4000000000004cdd4000000000004cdd4000000000004cdd4000000000004cdd4000000000004cdd4000000000004cdd4000000000004cdd4000000000004cdd4000000000004cdd4000000000004cdd4000000000004cdd4000000000004cdd4000000000004cdd4000000000004cdd4000000000004cdd4000000000004cdd4000000000004cdd4000000000004cdd4000000000004cdd4000000000004cdd4000000000004cdd4000000000004cdd4000000000004cdd4000000000004cdd4000000000004cdd4000000000004cdd4000000000004cdd4000000000004cdd4000000000004cdd4000000000004cdd4000000000004cdd4000000000004cdd4000000000004cdd4000000000004cdd4000000000004cdd4000000000004cdd4000000000004cdd4000000000004cdd4000000000004cdd40
customer,c_address,'325 20150599 40198710 60105557 80137559 100211025 120416535 140554282 160561130 180756580 200663807 220602187 240580413 260489755 280301121 300343993 320246343 340201722 360172352 380082413 400194662 420032323 440205436 460159325 480166874 500154581 520171830 540019869 560016993 580053004 600229149 620004014 639920747 659833515 679701150 699460210 719602182 739796693 759697500 779574698 799623241 819556419 839588769 859568585 879761020 899610218 919648894 939712116 959824759 979938666 999998314',c.c_address,00000000004cdd4000000000004cdd4000000000004cdd4000000000004cdd4000000000004cdd4000000000004cdd4000000000004cdd4000000000004cdd4000000000004cdd4000000000004cdd4000000000004cdd4000000000004cdd4000000000004cdd4000000000004cdd4000000000004cdd4000000000004cdd4000000000004cdd4000000000004cdd4000000000004cdd4000000000004cdd4000000000004cdd4000000000004cdd4000000000004cdd4000000000004cdd4000000000004cdd4000000000004cdd4000000000004cdd4000000000004cdd4000000000004cdd4000000000004cdd4000000000004cdd4000000000004cdd4000000000004cdd4000000000004cdd4000000000004cdd4000000000004cdd4000000000004cdd4000000000004cdd4000000000004cdd4000000000004cdd4000000000004cdd4000000000004cdd4000000000004cdd4000000000004cdd4000000000004cdd4000000000004cdd4000000000004cdd4000000000004cdd4000000000004cdd4000000000004cdd40
customer,c_nationkey,'0 0 1 1 2 2 3 3 4 4 5 5 6 6 6 7 7 8 8 9 9 10 10 11 11 12 12 13 13 14 14 15 15 16 17 17 18 18 19 19 20 20 21 21 22 22 23 23 24 24 24',c.c_nationkey,0000000000000000000000008041ed400000000000000000000000002038ed400000000000000000000000000046ed400000000000000000000000002039ed400000000000000000000000002048ed40000000000000000000000000e086ed4000000000000000000000000000000000000000008073ed40000000000000000000000000205fed40000000000000000000000000e066ed400000000000000000000000008069ed40000000000000000000000000a058ed400000000000000000000000000053ed40000000000000000000000000a02ded40000000000000000000000000a040ed40000000000000000000000000800aed400000000000000000000000004037ed40000000008032ed400000000000000000000000008031ed400000000000000000000000002054ed400000000000000000000000000052ed400000000000000000000000006033ed40000000000000000000000000a04bed400000000000000000000000002054ed40000000000000000000000000a07bed40000000000000000000000000c04ced40
customer,c_phone,'54 19994407 39948317 60132374 79983802 99978468 119946423 139889902 159855759 179673143 199574989 219508989 239446905 259438292 279516137 299601411 319457253 339433526 359257559 379235916 399274032 419463366 439630049 459686869 479679297 499866804 520077488 540181554 560196888 580148529 600051921 620310333 640358199 660428267 680537295 700493443 720484180 740372345 760328625 780378992 800326296 820193588 840141877 860088882 880091699 900238469 919983707 940132717 960083818 979793212 999997751',c.c_phone,00000000004cdd4000000000004cdd4000000000004cdd4000000000004cdd4000000000004cdd4000000000004cdd4000000000004cdd4000000000004cdd4000000000004cdd4000000000004cdd4000000000004cdd4000000000004cdd4000000000004cdd4000000000004cdd4000000000004cdd4000000000004cdd4000000000004cdd4000000000004cdd4000000000004cdd4000000000c04bdd4000000000404cdd4000000000004cdd4000000000004cdd4000000000004cdd4000000000004cdd4000000000004cdd4000000000004cdd4000000000004cdd4000000000004cdd4000000000004cdd4000000000004cdd4000000000004cdd4000000000004cdd4000000000004cdd4000000000004cdd4000000000004cdd4000000000004cdd4000000000004cdd4000000000004cdd4000000000004cdd4000000000004cdd4000000000004cdd4000000000004cdd4000000000004cdd4000000000004cdd4000000000004cdd4000000000004cdd4000000000004cdd4000000000004cdd4000000000004cdd40
customer,c_acctbal,'-999 -781 -560 -339 -119 99 321 541 761 981 1201 1420 1638 1855 2077 2294 2515 2735 2954 3174 3394 3615 3832 4051 4272 4491 4713 4935 5155 5376 5598 5818 6038 6258 6480 6698 6921 7142 7362 7583 7802 8021 8243 8463 8682 8904 9123 9342 9560 9780 9999',c.c_acctbal,00000000004cdd4000000000004cdd4000000000804bdd4000000000404cdd4000000000004cdd4000000000404cdd4000000000c04bdd4000000000404cdd4000000000004cdd4000000000c04bdd4000000000004cdd4000000000004cdd4000000000c04bdd4000000000004cdd4000000000804cdd4000000000804bdd4000000000404cdd4000000000004cdd4000000000404cdd4000000000004cdd4000000000c04bdd4000000000404cdd4000000000804bdd4000000000804cdd4000000000804bdd4000000000004cdd4000000000004cdd4000000000804cdd4000000000804bdd4000000000804cdd4000000000c04bdd4000000000804bdd4000000000c04cdd4000000000004cdd4000000000004cdd4000000000c04bdd4000000000004cdd4000000000404cdd4000000000004cdd4000000000004cdd4000000000c04bdd4000000000404cdd4000000000c04bdd4000000000404cdd4000000000c04bdd4000000000004cdd4000000000404cdd4000000000004cdd4000000000404bdd4000000000c04cdd40
customer,c_mktsegment,'185949984 185949984 185949984 185949984 185949984 185949984 185949984 185949984 185949984 185949984 185949984 327903520 327903520 327903520 327903520 327903520 327903520 327903520 327903520 327903520 406721093 406721093 406721093 406721093 406721093 406721093 406721093 406721093 406721093 406721093 531325984 531325984 531325984 531325984 531325984 531325984 531325984 531325984 531325984 531325984 531325984 671182880 671182880 671182880 671182880 671182880 671182880 671182880 671182880 671182880 671182880',c.c_mktsegment,000000000000000000000000000000000000000000000000000000000000000000000000000000000000000000000000000000000000000000000000000000000000000000000000000000000000000000000000645612410000000000000000000000000000000000000000000000000000000000000000000000000000000000000000000000000000000000000000000000000000000000000000a04712410000000000000000000000000000000000000000000000000000000000000000000000000000000000000000000000000000000000000000000000000000000000000000000000000000000010501241000000000000000000000000000000000000000000000000000000000000000000000000000000000000000000000000000000000000000000000000000000000000000000000000000000000000000000000000d053124100000000000000000000000000000000000000000000000000000000000000000000000000000000000000000000000000000000000000000000000000000000000000009c4b1241
customer,c_comment,'373 20180846 40395856 60243123 80198173 100167501 120200317 140243279 160285688 180479054 200428179 220299767 240267609 260187177 280078233 300146102 320103468 340160101 360045581 380218379 400250685 420088692 440112852 460185334 480335086 500082408 520139373 540126021 560256191 580061357 600012337 619755709 639746035 659940710 679925433 700140088 720249958 740313255 760279325 779977889 799991564 820122044 840056354 859986245 880014207 900134309 920041085 940065214 960202634 980090159 999999347',c.c_comment,00000000004cdd4000000000004cdd4000000000004cdd4000000000004cdd4000000000004cdd4000000000004cdd4000000000004cdd4000000000004cdd4000000000004cdd4000000000004cdd4000000000004cdd4000000000004cdd4000000000004cdd4000000000004cdd4000000000004cdd4000000000004cdd4000000000004cdd4000000000004cdd4000000000004cdd4000000000004cdd4000000000004cdd4000000000004cdd4000000000004cdd4000000000004cdd4000000000004cdd4000000000004cdd4000000000004cdd4000000000004cdd4000000000004cdd4000000000004cdd4000000000004cdd4000000000004cdd4000000000004cdd4000000000004cdd4000000000004cdd4000000000004cdd4000000000004cdd4000000000004cdd4000000000004cdd4000000000004cdd4000000000004cdd4000000000004cdd4000000000004cdd4000000000004cdd4000000000004cdd4000000000004cdd4000000000004cdd4000000000004cdd4000000000004cdd4000000000004cdd40
orders,o_orderkey,'1 1200000 2400000 3600000 4800000 6000000 7200000 8400000 9600000 10800000 12000000 13200000 14400000 15600000 16800000 18000000 19200000 20400000 21600000 22800000 24000000 25200000 26400000 27600000 28800000 30000000 31200000 32400000 33600000 34800000 36000000 37200000 38400000 39600000 40800000 42000000 43200000 44400000 45600000 46800000 48000000 49200000 50400000 51600000 52800000 54000000 55200000 56400000 57600000 58800000 60000000',o.o_orderkey,00000000804f124100000000804f124100000000804f124100000000804f124100000000804f124100000000804f124100000000804f124100000000804f124100000000804f124100000000804f124100000000804f124100000000804f124100000000804f124100000000804f124100000000804f124100000000804f124100000000804f124100000000804f124100000000804f124100000000804f124100000000804f124100000000804f124100000000804f124100000000804f124100000000804f124100000000804f124100000000804f124100000000804f124100000000804f124100000000804f124100000000804f124100000000804f124100000000804f124100000000804f124100000000804f124100000000804f124100000000804f124100000000804f124100000000804f124100000000804f124100000000804f124100000000804f124100000000804f124100000000804f124100000000804f124100000000804f124100000000804f124100000000804f124100000000804f124100000000804f1241
orders,o_custkey,'1 30028 60058 90002 120026 149962 179981 209878 239806 269677 299683 329623 359677 389608 419635 449660 479693 509767 539797 569683 599691 629749 659677 689647 719663 749636 779675 809716 839701 869639 899749 929755 959789 989746 1019797 1049764 1079752 1109827 1139759 1169722 1199731 1229680 1259684 1289681 1319692 1349770 1379836 1409909 1439978 1469965 1499999',o.o_custkey,000000005c4f124100000000a04f124100000000744f124100000000844f1241000000002c4f124100000000a44f1241000000005c4f124100000000a04f124100000000a44f124100000000644f124100000000544f124100000000b44f124100000000884f124100000000544f124100000000bc4f1241000000008c4f124100000000604f124100000000904f1241000000008c4f124100000000904f124100000000204f1241000000008c4f124100000000d04f124100000000744f124100000000744f1241000000008c4f124100000000884f1241000000006c4f124100000000984f124100000000604f124100000000a44f124100000000604f124100000000644f124100000000904f124100000000984f124100000000784f1241000000009c4f124100000000684f1241000000006c4f124100000000a84f124100000000244f124100000000b84f124100000000944f124100000000884f124100000000784f1241000000006c4f1241000000008c4f124100000000784f124100000000684f124100000000bc4f1241
orders,o_orderstatus,'70 70 70 70 70 70 70 70 70 70 70 70 70 70 70 70 70 70 70 70 70 70 70 70 70 79 79 79 79 79 79 79 79 79 79 79 79 79 79 79 79 79 79 79 79 79 79 79 79 80 80',o.o_orderstatus,00000000000000000000000000000000000000000000000000000000000000000000000000000000000000000000000000000000000000000000000000000000000000000000000000000000000000000000000000000000000000000000000000000000000000000000000000000000000000000000000000000000000000000000000000000000000000000000000000000000000000000000000000000000000000000000000000000000000000000000000000000000000000000000000000000000e0e15b41000000000000000000000000000000000000000000000000000000000000000000000000000000000000000000000000000000000000000000000000000000000000000000000000000000000000000000000000000000000000000000000000000000000000000000000000000000000000000000000000000000000000000000000000000000000000000000000000000000000000000000000000000000000000000000000000000000000000000000000000000000000000000032e05b4100000000e0651741
orders,o_totalprice,'838 10123 18411 25861 32588 38749 44434 49721 54862 59968 65059 70183 75303 80451 85643 90904 96221 101600 106983 112347 117677 122973 128275 133584 138903 144240 149589 154978 160419 165874 171378 176930 182539 188232 194033 199926 205946 212132 218479 225047 231911 239069 246665 254808 263628 273404 284522 297762 314635 339948 558822',o.o_totalprice,00000000804f124100000000804f124100000000804f124100000000804f124100000000804f124100000000804f124100000000804f124100000000804f124100000000804f124100000000804f124100000000804f124100000000804f124100000000804f124100000000804f124100000000804f124100000000784f124100000000884f1241000000007c4f124100000000844f124100000000804f124100000000744f1241000000008c4f124100000000804f124100000000804f124100000000804f124100000000804f124100000000804f124100000000804f124100000000804f124100000000804f124100000000804f124100000000804f124100000000804f124100000000804f124100000000804f124100000000804f124100000000804f124100000000804f124100000000804f124100000000804f124100000000804f124100000000804f1241000000007c4f124100000000804f124100000000844f1241000000007c4f124100000000844f124100000000804f124100000000804f124100000000804f1241
orders,o_orderdate,'0 0 0 0 0 0 0 0 0 0 0 0 0 0 0 0 0 0 0 0 0 0 0 0 0 0 0 0 0 0 0 0 0 0 0 0 0 0 0 0 0 0 0 0 0 0 0 0 0 0 0',o.o_orderdate,000000000000000000000000000000000000000000000000000000000000000000000000000000000000000000000000000000000000000000000000000000000000000000000000000000000000000000000000000000000000000000000000000000000000000000000000000000000000000000000000000000000000000000000000000000000000000000000000000000000000000000000000000000000000000000000000000000000000000000000000000000000000000000000000000000000000000000000000000000000000000000000000000000000000000000000000000000000000000000000000000000000000000000000000000000000000000000000000000000000000000000000000000000000000000000000000000000000000000000000000000000000000000000000000000000000000000000000000000000000000000000000000000000000000000000000000000000000000000000000000000000000000000000000000000000000000000000000000000000000000000000000000389c6c41
orders,o_orderpriority,'167096352 167096352 167096352 167096352 167096352 167096352 167096352 167096352 167096352 167096352 167096352 225946656 225946656 225946656 225946656 225946656 225946656 225946656 225946656 225946656 225946656 724845600 724845600 724845600 724845600 724845600 724845600 724845600 724845600 724845600 724845600 746237252 746237252 746237252 746237252 746237252 746237252 746237252 746237252 746237252 746237252 809882144 809882144 809882144 809882144 809882144 809882144 809882144 809882144 809882144 809882144',o.o_orderpriority,0000000000000000000000000000000000000000000000000000000000000000000000000000000000000000000000000000000000000000000000000000000000000000000000000000000000000000000000806ae94641000000000000000000000000000000000000000000000000000000000000000000000000000000000000000000000000000000000000000000000000000000000000000000000000000000807ee3464100000000000000000000000000000000000000000000000000000000000000000000000000000000000000000000000000000000000000000000000000000000000000000000000000000000c7de464100000000000000000000000000000000000000000000000000000000000000000000000000000000000000000000000000000000000000000000000000000000000000000000000000000000e2e3464100000000000000000000000000000000000000000000000000000000000000000000000000000000000000000000000000000000000000000000000000000000000000004ee14641
orders,o_clerk,'322858545 322989616 323120689 323251761 323382833 339635761 339766833 339897905 340028976 340160048 356412976 356544048 356675120 356742969 356937264 373190192 373321264 373452336 373583409 373714480 389967408 390098480 390229552 390360624 390491696 390559545 406875696 407006768 407074617 407205689 423521840 423652912 423783984 423915056 424046128 440299056 440430128 440561200 440692272 440760121 457076272 457144121 457275193 457406265 457537337 473853488 473984560 474115632 474246704 474377776 617825840',o.o_clerk,00000000cc3d124100000000f45712410000000004511241000000007c4b124100000000204c124100000000dc49124100000000f45612410000000028451241000000001c611241000000006c4d1241000000000450124100000000704c1241000000007443124100000000b45a1241000000004451124100000000984d124100000000c848124100000000e4601241000000006046124100000000c8511241000000008445124100000000b8571241000000002c571241000000002c4d12410000000010411241000000001c611241000000001c4e124100000000983a1241000000007854124100000000d453124100000000b84d12410000000040511241000000000453124100000000cc46124100000000e45d124100000000a44f124100000000a846124100000000a8581241000000006c3c1241000000008865124100000000ac3f1241000000005850124100000000c0561241000000005c4e1241000000004058124100000000cc4b124100000000744b124100000000dc47124100000000ac51124100000000585e1241
orders,o_shippriority,'0 0 0 0 0 0 0 0 0 0 0 0 0 0 0 0 0 0 0 0 0 0 0 0 0 0 0 0 0 0 0 0 0 0 0 0 0 0 0 0 0 0 0 0 0 0 0 0 0 0 0',o.o_shippriority,000000000000000000000000000000000000000000000000000000000000000000000000000000000000000000000000000000000000000000000000000000000000000000000000000000000000000000000000000000000000000000000000000000000000000000000000000000000000000000000000000000000000000000000000000000000000000000000000000000000000000000000000000000000000000000000000000000000000000000000000000000000000000000000000000000000000000000000000000000000000000000000000000000000000000000000000000000000000000000000000000000000000000000000000000000000000000000000000000000000000000000000000000000000000000000000000000000000000000000000000000000000000000000000000000000000000000000000000000000000000000000000000000000000000000000000000000000000000000000000000000000000000000000000000000000000000000000000000000000000000000000000000389c6c41
orders,o_comment,'97 19989280 40013416 60051560 80026724 99949420 120055153 140105316 160085613 180169317 200235773 220248366 240225650 260164196 280192116 300126578 320146202 340133738 360088166 380154590 400089933 420018789 439974138 460033633 480026741 500070252 520042596 539989090 560043486 580016756 600008992 620012646 639942978 659912502 679875698 699825765 719800678 739829170 759861412 779848873 799912052 819831667 839823466 859790742 879892623 899827594 919804782 939855204 959957093 979983137 999999844',o.o_comment,00000000784f124100000000884f124100000000804f124100000000804f1241000000007c4f124100000000844f124100000000804f124100000000804f1241000000007c4f124100000000844f1241000000007c4f124100000000844f124100000000804f1241000000007c4f124100000000844f124100000000804f124100000000804f124100000000804f124100000000804f124100000000804f124100000000804f124100000000804f1241000000007c4f124100000000804f124100000000804f124100000000844f124100000000804f124100000000804f124100000000804f1241000000007c4f124100000000844f124100000000804f124100000000804f124100000000804f124100000000804f124100000000804f124100000000804f124100000000804f124100000000804f124100000000804f1241000000007c4f124100000000844f124100000000804f124100000000804f124100000000804f124100000000804f124100000000804f124100000000804f124100000000804f124100000000804f1241
lineitem,l_orderkey,'1 1199745 2399684 3598053 4797990 5997377 7199781 8398308 9597733 10798373 11999238 13200388 14399266 15600194 16799009 17999232 19199462 20400423 21600387 22799396 23997888 25196261 26396097 27594691 28795045 29993285 31193987 32391845 33593413 34793441 35991616 37193312 38393568 39593760 40795079 41995046 43196612 44396740 45600194 46799809 47999813 49200133 50399845 51599558 52801027 54000834 55202880 56403650 57603428 58802631 60000000',l.l_orderkey,00000000684e324100000000674e3241000000006b4e324100000000694e324100000000694e3241000000006a4e324100000000674e324100000000664e3241000000006f4e324100000000674e324100000000684e324100000000694e324100000000664e3241000000006c4e3241000000006c4e324100000000694e324100000000684e324100000000684e324100000000664e3241000000006d4e324100000000654e3241000000006d4e324100000000684e324100000000684e3241000000006c4e324100000000644e3241000000006e4e324100000000694e324100000000694e324100000000694e324100000000684e324100000000664e3241000000006c4e324100000000694e324100000000684e324100000000694e3241000000006b4e324100000000674e3241000000006b4e324100000000694e324100000000654e324100000000694e324100000000694e3241000000006a4e3241000000006b4e3241000000006a4e324100000000684e324100000000684e3241000000006a4e3241000000006b4e3241
lineitem,l_partkey,'1 40006 80049 120056 160096 200047 240103 280134 320138 360163 400159 440152 480195 520204 560282 600295 640326 680334 720284 760218 800248 840251 880254 920259 960252 1000264 1040255 1080254 1120251 1160225 1200295 1240226 1280225 1320174 1360191 1400152 1440181 1480190 1520165 1560154 1600148 1640129 1680189 1720137 1760142 1800119 1840117 1880058 1920040 1959985 2000000',l.l_partkey,00000000604e324100000000554e324100000000874e324100000000474e3241000000007e4e3241000000005e4e324100000000774e324100000000734e324100000000594e324100000000604e3241000000007c4e3241000000005f4e3241000000006d4e324100000000644e324100000000634e3241000000007d4e324100000000684e324100000000524e324100000000714e3241000000007b4e324100000000584e3241000000005d4e3241000000007f4e324100000000564e324100000000714e324100000000684e3241000000006e4e3241000000006a4e3241000000006b4e3241000000005b4e3241000000006e4e3241000000006f4e324100000000564e3241000000006b4e324100000000804e324100000000704e3241000000005a4e3241000000005b4e324100000000784e324100000000694e324100000000754e324100000000694e324100000000624e324100000000514e3241000000008c4e324100000000514e324100000000814e324100000000464e3241000000008c4e3241000000006a4e3241
lineitem,l_suppkey,'1 2000 4002 6002 8002 10003 12004 14006 16006 18007 20007 22006 24008 26004 28003 30004 32002 34003 36004 38006 40006 42008 44011 46013 48009 50006 52005 54006 56009 58007 60008 62010 64008 66005 68006 70006 72007 74007 76007 78007 80008 82007 84010 86006 88008 90006 92005 94003 96002 98000 100000',l.l_suppkey,00000000364d324100000000a84d324100000000bf4e324100000000c54e324100000000b54e324100000000254e3241000000001c4f324100000000904d324100000000264f324100000000d74d324100000000814f3241000000003b4c3241000000003250324100000000f64d3241000000009e4e3241000000000c4e324100000000534e3241000000004c4e3241000000000e4f324100000000ca4e324100000000684e324100000000fe4d3241000000000b4e324100000000744d324100000000174e324100000000dc4e324100000000894e3241000000000c4f324100000000024e324100000000fe4e324100000000e54c32410000000066503241000000005c4d324100000000204e3241000000009f4f324100000000a44e324100000000ae4c3241000000002450324100000000df4c3241000000004e4f324100000000634d324100000000de4e3241000000007a4f324100000000c74e324100000000304d324100000000d24e324100000000f14e3241000000007d4d324100000000954d3241000000009d503241
lineitem,l_linenumber,'1 1 1 1 1 1 1 1 1 1 1 1 1 2 2 2 2 2 2 2 2 2 2 2 3 3 3 3 3 3 3 3 3 4 4 4 4 4 4 4 5 5 5 5 5 6 6 6 6 7 7',l.l_linenumber,00000000000000000000000000000000000000000000000000000000000000000000000000000000000000000000000000000000000000000000000000000000000000000000000000000000000000000000000000000000000000000000000000000000389c6c410000000000000000000000000000000000000000000000000000000000000000000000000000000000000000000000000000000000000000000000000000000000000000000000000000000000000000000000c0618568410000000000000000000000000000000000000000000000000000000000000000000000000000000000000000000000000000000000000000000000000000000000000020f56d64410000000000000000000000000000000000000000000000000000000000000000000000000000000000000000000000000000000069586041000000000000000000000000000000000000000000000000000000000000000000000080f982584100000000000000000000000000000000000000000000000000000080345750410000008006544041
lineitem,l_quantity,'1 1 3 3 5 5 7 8 9 10 10 11 13 14 15 16 17 18 19 20 21 22 23 24 25 26 27 28 29 30 31 32 33 34 35 36 37 38 39 40 41 42 43 43 45 46 47 48 49 50 50',l.l_quantity,0000000000000000000000002b4c4241000000000000000000000000485042410000000000000000000000007d4c424100000000e04f3241000000001051324100000000434c32410000000000000000000000003e523241000000003a4c424100000000214a3241000000005e41324100000000d548324100000000214f324100000000fd4f324100000000894f324100000000e158324100000000aa4c324100000000af4f324100000000e74c3241000000000552324100000000874f324100000000aa52324100000000b6493241000000007850324100000000464d324100000000f64f3241000000003a4d3241000000002150324100000000694f3241000000008e513241000000004c443241000000000e55324100000000604f324100000000714a324100000000f74a324100000000c64d324100000000c250324100000000b5523241000000003f5032410000000000000000000000809050424100000000d24e324100000000c44a324100000000d54e324100000000a74c3241000000009a52324100000000464f3241
lineitem,l_extendedprice,'900 1999 3597 5081 6478 7887 9368 10810 12226 13674 15123 16555 17994 19438 20877 22321 23759 25194 26634 28077 29513 30952 32394 33833 35273 36715 38152 39591 41029 42470 43903 45344 46785 48233 49698 51199 52725 54314 55968 57708 59550 61507 63603 65856 68310 71002 74031 77516 81720 87346 104949',l.l_extendedprice,00000000224e324100000000b14e324100000000684e324100000000314e3241000000008b4e324100000000794e3241000000006d4e324100000000554e324100000000764e324100000000604e324100000000724e3241000000004b4e324100000000794e324100000000094e324100000000e14e324100000000494e3241000000004b4e3241000000009b4e3241000000006e4e3241000000004d4e324100000000794e324100000000704e324100000000624e324100000000544e324100000000514e3241000000007e4e324100000000874e3241000000006d4e3241000000006a4e324100000000434e324100000000854e324100000000564e3241000000005d4e324100000000904e324100000000194e324100000000ab4e324100000000524e324100000000964e324100000000274e3241000000008c4e324100000000554e324100000000744e324100000000844e3241000000006b4e3241000000005e4e3241000000006f4e3241000000006a4e324100000000574e3241000000008a4e3241000000006c4e3241
lineitem,l_discount,'0 0 0 0 0 0 0 0 0 0 0 0 0 0 0 0 0 0 0 0 0 0 0 0 0 0 0 0 0 0 0 0 0 0 0 0 0 0 0 0 0 0 0 0 0 0 0 0 0 0 0',l.l_discount,0000000000000000000000000000000000000000000000000000000000000000000000c02ecb544100000000000000000000000000000000000000000000000000000000000000000000008075cd5441000000000000000000000000000000000000000000000000000000009fcc54410000000000000000000000000000000000000000000000000000000000000000000000809ccf54410000000000000000000000000000000000000000000000000000004082cc5441000000000000000000000000000000000000000000000000000000000000000000000000fcd0544100000000000000000000000000000000000000000000000000000080f9cb544100000000000000000000000000000000000000000000000000000000000000000000000021cd5441000000000000000000000000000000000000000000000000000000c0e6ce54410000000000000000000000000000000000000000000000000000000000000000000000807acd54410000000000000000000000000000000000000000000000000000004047cc5441
lineitem,l_tax,'0 0 0 0 0 0 0 0 0 0 0 0 0 0 0 0 0 0 0 0 0 0 0 0 0 0 0 0 0 0 0 0 0 0 0 0 0 0 0 0 0 0 0 0 0 0 0 0 0 0 0',l.l_tax,00000000000000000000000000000000000000000000000000000000000000000000000000000000000000801c6c594100000000000000000000000000000000000000000000000000000000000000000000000000000000000000804f655941000000000000000000000000000000000000000000000000000000000000000000000080856a59410000000000000000000000000000000000000000000000000000000000000000000000000000000000000080956f59410000000000000000000000000000000000000000000000000000000000000000000000c0d56e594100000000000000000000000000000000000000000000000000000000000000000000000000000000000000804f6f5941000000000000000000000000000000000000000000000000000000000000000000000080a06e594100000000000000000000000000000000000000000000000000000000000000000000000000000000000000809b6d59410000000000000000000000000000000000000000000000000000000000000000000000c0386e5941
lineitem,l_returnflag,'65 65 65 65 65 65 65 65 65 65 65 65 65 78 78 78 78 78 78 78 78 78 78 78 78 78 78 78 78 78 78 78 78 78 78 78 78 78 82 82 82 82 82 82 82 82 82 82 82 82 82',l.l_returnflag,000000000000000000000000000000000000000000000000000000000000000000000000000000000000000000000000000000000000000000000000000000000000000000000000000000000000000000000000000000000000000000000000000000a08d3c6c41000000000000000000000000000000000000000000000000000000000000000000000000000000000000000000000000000000000000000000000000000000000000000000000000000000000000000000000000000000000000000000000000000000000000000000000000000000000000000000000000000000000000000000000000000000000000000000000000000000000000000000000000000000000000000000000000000000000000000000000000000000000000000000000000000000007af77c4100000000000000000000000000000000000000000000000000000000000000000000000000000000000000000000000000000000000000000000000000000000000000000000000000000000000000000000000000000000000000e08e3e6c41
lineitem,l_linestatus,'70 70 70 70 70 70 70 70 70 70 70 70 70 70 70 70 70 70 70 70 70 70 70 70 70 70 79 79 79 79 79 79 79 79 79 79 79 79 79 79 79 79 79 79 79 79 79 79 79 79 79',l.l_linestatus,000000000000000000000000000000000000000000000000000000000000000000000000000000000000000000000000000000000000000000000000000000000000000000000000000000000000000000000000000000000000000000000000000000000000000000000000000000000000000000000000000000000000000000000000000000000000000000000000000000000000000000000000000000000000000000000000000000000000000000000000000000000000000000000000000000000000000000000020cb9b7c4100000000000000000000000000000000000000000000000000000000000000000000000000000000000000000000000000000000000000000000000000000000000000000000000000000000000000000000000000000000000000000000000000000000000000000000000000000000000000000000000000000000000000000000000000000000000000000000000000000000000000000000000000000000000000000000000000000000000000000000000000000000000000203d997c41
lineitem,l_shipdate,'0 0 0 0 0 0 0 0 0 0 0 0 0 0 0 0 0 0 0 0 0 0 0 0 0 0 0 0 0 0 0 0 0 0 0 0 0 0 0 0 0 0 0 0 0 0 0 0 0 0 0',l.l_shipdate,000000000000000000000000000000000000000000000000000000000000000000000000000000000000000000000000000000000000000000000000000000000000000000000000000000000000000000000000000000000000000000000000000000000000000000000000000000000000000000000000000000000000000000000000000000000000000000000000000000000000000000000000000000000000000000000000000000000000000000000000000000000000000000000000000000000000000000000000000000000000000000000000000000000000000000000000000000000000000000000000000000000000000000000000000000000000000000000000000000000000000000000000000000000000000000000000000000000000000000000000000000000000000000000000000000000000000000000000000000000000000000000000000000000000000000000000000000000000000000000000000000000000000000000000000000000000000000000000000000000000000000000020849a8c41
lineitem,l_commitdate,'0 0 0 0 0 0 0 0 0 0 0 0 0 0 0 0 0 0 0 0 0 0 0 0 0 0 0 0 0 0 0 0 0 0 0 0 0 0 0 0 0 0 0 0 0 0 0 0 0 0 0',l.l_commitdate,000000000000000000000000000000000000000000000000000000000000000000000000000000000000000000000000000000000000000000000000000000000000000000000000000000000000000000000000000000000000000000000000000000000000000000000000000000000000000000000000000000000000000000000000000000000000000000000000000000000000000000000000000000000000000000000000000000000000000000000000000000000000000000000000000000000000000000000000000000000000000000000000000000000000000000000000000000000000000000000000000000000000000000000000000000000000000000000000000000000000000000000000000000000000000000000000000000000000000000000000000000000000000000000000000000000000000000000000000000000000000000000000000000000000000000000000000000000000000000000000000000000000000000000000000000000000000000000000000000000000000000000020849a8c41
lineitem,l_receiptdate,'0 0 0 0 0 0 0 0 0 0 0 0 0 0 0 0 0 0 0 0 0 0 0 0 0 0 0 0 0 0 0 0 0 0 0 0 0 0 0 0 0 0 0 0 0 0 0 0 0 0 0',l.l_receiptdate,000000000000000000000000000000000000000000000000000000000000000000000000000000000000000000000000000000000000000000000000000000000000000000000000000000000000000000000000000000000000000000000000000000000000000000000000000000000000000000000000000000000000000000000000000000000000000000000000000000000000000000000000000000000000000000000000000000000000000000000000000000000000000000000000000000000000000000000000000000000000000000000000000000000000000000000000000000000000000000000000000000000000000000000000000000000000000000000000000000000000000000000000000000000000000000000000000000000000000000000000000000000000000000000000000000000000000000000000000000000000000000000000000000000000000000000000000000000000000000000000000000000000000000000000000000000000000000000000000000000000000000000020849a8c41
lineitem,l_shipinstruct,'54780448 54780448 54780448 54780448 54780448 54780448 54780448 54780448 54780448 54780448 54780448 54780448 54780448 332382752 332382752 332382752 332382752 332382752 332382752 332382752 332382752 332382752 332382752 332382752 332382752 479162400 479162400 479162400 479162400 479162400 479162400 479162400 479162400 479162400 479162400 479162400 479162400 479162400 552843296 552843296 552843296 552843296 552843296 552843296 552843296 552843296 552843296 552843296 552843296 552843296 552843296',l.l_shipinstruct,000000000000000000000000000000000000000000000000000000000000000000000000000000000000000000000000000000000000000000000000000000000000000000000000000000000000000000000000000000000000000000000000000000c0169a6c410000000000000000000000000000000000000000000000000000000000000000000000000000000000000000000000000000000000000000000000000000000000000000000000000000000000000000000000000000000000000020e5996c410000000000000000000000000000000000000000000000000000000000000000000000000000000000000000000000000000000000000000000000000000000000000000000000000000000000000000000000000000000000000000000000000000006096996c4100000000000000000000000000000000000000000000000000000000000000000000000000000000000000000000000000000000000000000000000000000000000000000000000000000000000000000000000000000000000000407e9c6c41
lineitem,l_shipmode,'151077408 151077408 151077408 151077408 151077408 151077408 151077408 151077408 327539744 327539744 327539744 327539744 327539744 327539744 327539744 377145888 377145888 377145888 377145888 377145888 377145888 377145888 394684448 394684448 394684448 394684448 394684448 394684448 394684448 451008544 451008544 451008544 451008544 451008544 451008544 451008544 896063520 896063520 896063520 896063520 896063520 896063520 896063520 980464160 980464160 980464160 980464160 980464160 980464160 980464160 980464160',l.l_shipmode,0000000000000000000000000000000000000000000000000000000000000000000000000000000000000000000000000000000000000000000000a01b58604100000000000000000000000000000000000000000000000000000000000000000000000000000000000000000000000000000000745860410000000000000000000000000000000000000000000000000000000000000000000000000000000000000000000000000000008078596041000000000000000000000000000000000000000000000000000000000000000000000000000000000000000000000000000000a05f57604100000000000000000000000000000000000000000000000000000000000000000000000000000000000000000000000000000080b2566041000000000000000000000000000000000000000000000000000000000000000000000000000000000000000000000000000000404159604100000000000000000000000000000000000000000000000000000000000000000000000000000000000000000000000000000000b5586041
lineitem,l_comment,'97 19940207 39551589 59414625 78889833 99044457 119038581 139294249 159695219 179492961 199325299 219151214 239377000 259529825 279590754 300032102 319767489 339609964 359676277 379977313 399790451 420107630 440235891 460253797 480024428 500034149 520256880 539819364 559775333 580054388 600188001 620073951 639870067 659934066 679565167 699777901 719620961 739807345 759395160 778956659 799609459 819453216 839876669 859857521 879943785 899838563 920035104 940428140 960303974 979842169 999999861',l.l_comment,00000000694e324100000000614e324100000000684e3241000000006c4e324100000000704e324100000000694e324100000000694e324100000000694e324100000000684e324100000000674e3241000000006c4e324100000000694e3241000000004f4e324100000000834e324100000000684e3241000000006a4e324100000000694e324100000000584e324100000000db4b324100000000e950324100000000764e324100000000794e3241000000006b4e324100000000604e324100000000474e324100000000944e324100000000694e324100000000664e3241000000006b4e3241000000004a4d324100000000894f324100000000694e324100000000694e324100000000674e3241000000006b4e324100000000684e3241000000006a4e324100000000694e324100000000694e324100000000654e3241000000006a4e3241000000006c4e324100000000694e324100000000674e3241000000006b4e324100000000534d3241000000007d4f3241000000006a4e324100000000604e324100000000744e3241
